{
    "Linear Regression": {
        "mae": 5.990084445169189,
        "mse": 55.6768885827896,
        "rmse": 7.461694752721368,
        "r2": 0.6812591050282191
    },
    "Decision Tree": {
        "mae": 7.340133529441338,
        "mse": 90.26750865369401,
        "rmse": 9.500921463399958,
        "r2": 0.48323357810541956
    },
    "Random Forest": {
        "mae": 5.642205397084361,
        "mse": 51.76477774743742,
        "rmse": 7.194774336102379,
        "r2": 0.7036552866509544
    },
    "XGBoost": {
        "mae": 5.05334170254794,
        "mse": 42.89862930382153,
        "rmse": 6.549704520344527,
        "r2": 0.7544125067795294
    },
    "LightGBM": {
        "mae": 4.838549535958158,
        "mse": 39.126945301141575,
        "rmse": 6.255153499406835,
        "r2": 0.7760047682216777
    }
}